{"cameraMode":{"drawMode":0,"name":"Shaded","section":"Shading Mode"},"sceneLighting":false,"audioPlay":false,"sceneViewState":{"showFog":true,"showMaterialUpdate":false,"showSkybox":true,"showFlares":true,"showImageEffects":true,"showParticleSystems":true},"in2DMode":false,"pivot":{"x":583.6950073242188,"y":61.62373352050781,"z":0.0},"rotation":{"x":-0.027304956689476968,"y":0.009593394584953785,"z":-0.00026268226793035865,"w":-0.9995862245559692},"size":108.96634674072266,"orthographic":false}